instrumento_id,fecha,precio_cierre_centavos,variacion_pct
inst_cetes_28,2025-09-15,100000,0
inst_cetes_28,2025-09-22,100245,0.002449
inst_cetes_28,2025-09-29,100374,0.00129
inst_cetes_28,2025-10-06,100541,0.001665
inst_cetes_28,2025-10-13,100751,0.002088
inst_cetes_28,2025-10-20,100863,0.001113
inst_cetes_28,2025-10-27,101063,0.001984
inst_cetes_28,2025-11-03,101220,0.001557
inst_cetes_28,2025-11-10,101392,0.001694
inst_cetes_28,2025-11-17,101629,0.00234
inst_cetes_28,2025-11-24,101842,0.002095
inst_cetes_28,2025-12-01,101979,0.001342
inst_cetes_28,2025-12-08,102165,0.001819
inst_cetes_28,2025-12-15,102391,0.00221
inst_cetes_28,2025-12-22,102577,0.001815
inst_cetes_28,2025-12-29,102759,0.001775
inst_cetes_28,2026-01-05,102944,0.001802
inst_cetes_28,2026-01-12,103162,0.002114
inst_cetes_28,2026-01-19,103399,0.002295
inst_cetes_28,2026-01-26,103600,0.001943
inst_cetes_28,2026-02-02,103828,0.002202
inst_cetes_28,2026-02-09,104007,0.001723
inst_cetes_28,2026-02-16,104237,0.002212
inst_cetes_28,2026-02-23,104468,0.002215
inst_cetes_28,2026-03-02,104669,0.001921
inst_cetes_28,2026-03-09,104850,0.001728
inst_cetes_28,2026-03-16,105091,0.002298
inst_cetes_28,2026-03-23,105297,0.001962
inst_cetes_28,2026-03-30,105550,0.002399
inst_cetes_28,2026-04-06,105863,0.002963
inst_cetes_28,2026-04-13,106087,0.002119
inst_cetes_28,2026-04-20,106289,0.001902
inst_cetes_28,2026-04-27,106374,0.000802
inst_cetes_28,2026-05-04,106575,0.001893
inst_cetes_28,2026-05-11,106834,0.00243
inst_cetes_28,2026-05-18,107043,0.001959
inst_cetes_28,2026-05-25,107287,0.002279
inst_cetes_28,2026-06-01,107479,0.001786
inst_cetes_28,2026-06-08,107696,0.002019
inst_cetes_28,2026-06-15,107823,0.001183
inst_cetes_28,2026-06-22,107939,0.001073
inst_cetes_28,2026-06-29,107955,0.000151
inst_cetes_28,2026-07-06,108209,0.002352
inst_cetes_28,2026-07-13,108496,0.00265
inst_cetes_28,2026-07-20,108708,0.001951
inst_cetes_28,2026-07-27,108855,0.001355
inst_cetes_28,2026-08-03,109063,0.001907
inst_cetes_28,2026-08-10,109185,0.00112
inst_cetes_28,2026-08-17,109412,0.002077
inst_cetes_28,2026-08-24,109570,0.001441
inst_cetes_28,2026-08-31,109924,0.003231
inst_cetes_28,2026-09-07,110111,0.001699
inst_cetes_28,2026-09-14,110334,0.002028
inst_cetes_91,2025-09-15,100000,0
inst_cetes_91,2025-09-22,100209,0.002092
inst_cetes_91,2025-09-29,100465,0.002557
inst_cetes_91,2025-10-06,100755,0.002885
inst_cetes_91,2025-10-13,100880,0.001236
inst_cetes_91,2025-10-20,101125,0.002426
inst_cetes_91,2025-10-27,101237,0.001112
inst_cetes_91,2025-11-03,101471,0.002314
inst_cetes_91,2025-11-10,101876,0.003988
inst_cetes_91,2025-11-17,102229,0.003463
inst_cetes_91,2025-11-24,102471,0.002369
inst_cetes_91,2025-12-01,102582,0.001088
inst_cetes_91,2025-12-08,102749,0.001624
inst_cetes_91,2025-12-15,102880,0.001275
inst_cetes_91,2025-12-22,103042,0.001574
inst_cetes_91,2025-12-29,103231,0.001834
inst_cetes_91,2026-01-05,103354,0.001193
inst_cetes_91,2026-01-12,103636,0.002724
inst_cetes_91,2026-01-19,103855,0.002113
inst_cetes_91,2026-01-26,103914,0.000567
inst_cetes_91,2026-02-02,104063,0.001436
inst_cetes_91,2026-02-09,104171,0.001036
inst_cetes_91,2026-02-16,104477,0.002933
inst_cetes_91,2026-02-23,105037,0.005358
inst_cetes_91,2026-03-02,105145,0.001032
inst_cetes_91,2026-03-09,105344,0.001892
inst_cetes_91,2026-03-16,105362,0.000174
inst_cetes_91,2026-03-23,105555,0.001833
inst_cetes_91,2026-03-30,105834,0.002645
inst_cetes_91,2026-04-06,106028,0.00183
inst_cetes_91,2026-04-13,106233,0.00193
inst_cetes_91,2026-04-20,106527,0.002765
inst_cetes_91,2026-04-27,106748,0.002076
inst_cetes_91,2026-05-04,106947,0.001864
inst_cetes_91,2026-05-11,107187,0.002246
inst_cetes_91,2026-05-18,107119,-0.000635
inst_cetes_91,2026-05-25,107236,0.001093
inst_cetes_91,2026-06-01,107494,0.00241
inst_cetes_91,2026-06-08,107654,0.001486
inst_cetes_91,2026-06-15,108110,0.00424
inst_cetes_91,2026-06-22,108311,0.00186
inst_cetes_91,2026-06-29,108517,0.0019
inst_cetes_91,2026-07-06,108634,0.001077
inst_cetes_91,2026-07-13,108770,0.001255
inst_cetes_91,2026-07-20,109135,0.003351
inst_cetes_91,2026-07-27,109411,0.002528
inst_cetes_91,2026-08-03,109570,0.00145
inst_cetes_91,2026-08-10,109849,0.002545
inst_cetes_91,2026-08-17,110043,0.001762
inst_cetes_91,2026-08-24,110269,0.002052
inst_cetes_91,2026-08-31,110388,0.001079
inst_cetes_91,2026-09-07,110656,0.002424
inst_cetes_91,2026-09-14,110938,0.002551
inst_cetes_182,2025-09-15,100000,0
inst_cetes_182,2025-09-22,100097,0.000971
inst_cetes_182,2025-09-29,100254,0.00157
inst_cetes_182,2025-10-06,100404,0.0015
inst_cetes_182,2025-10-13,100571,0.001664
inst_cetes_182,2025-10-20,100795,0.002232
inst_cetes_182,2025-10-27,100888,0.000926
inst_cetes_182,2025-11-03,100898,0.000101
inst_cetes_182,2025-11-10,101054,0.001547
inst_cetes_182,2025-11-17,101178,0.001226
inst_cetes_182,2025-11-24,101441,0.002598
inst_cetes_182,2025-12-01,101707,0.002623
inst_cetes_182,2025-12-08,102112,0.003981
inst_cetes_182,2025-12-15,102041,-0.000698
inst_cetes_182,2025-12-22,102324,0.002771
inst_cetes_182,2025-12-29,102418,0.00092
inst_cetes_182,2026-01-05,102521,0.001009
inst_cetes_182,2026-01-12,102707,0.001818
inst_cetes_182,2026-01-19,102991,0.002768
inst_cetes_182,2026-01-26,103107,0.001124
inst_cetes_182,2026-02-02,103212,0.001016
inst_cetes_182,2026-02-09,103431,0.002122
inst_cetes_182,2026-02-16,103577,0.001416
inst_cetes_182,2026-02-23,103783,0.001987
inst_cetes_182,2026-03-02,103894,0.001066
inst_cetes_182,2026-03-09,103987,0.0009
inst_cetes_182,2026-03-16,104106,0.001144
inst_cetes_182,2026-03-23,104061,-0.000433
inst_cetes_182,2026-03-30,104122,0.000584
inst_cetes_182,2026-04-06,104443,0.003087
inst_cetes_182,2026-04-13,104488,0.000432
inst_cetes_182,2026-04-20,104587,0.000948
inst_cetes_182,2026-04-27,104684,0.000925
inst_cetes_182,2026-05-04,104688,0.000035
inst_cetes_182,2026-05-11,104978,0.002772
inst_cetes_182,2026-05-18,105290,0.002969
inst_cetes_182,2026-05-25,105528,0.002263
inst_cetes_182,2026-06-01,105447,-0.00077
inst_cetes_182,2026-06-08,105650,0.001927
inst_cetes_182,2026-06-15,105897,0.002336
inst_cetes_182,2026-06-22,106085,0.001777
inst_cetes_182,2026-06-29,106283,0.001864
inst_cetes_182,2026-07-06,106667,0.003615
inst_cetes_182,2026-07-13,106991,0.00304
inst_cetes_182,2026-07-20,107315,0.003032
inst_cetes_182,2026-07-27,107430,0.001069
inst_cetes_182,2026-08-03,107837,0.003791
inst_cetes_182,2026-08-10,108255,0.003875
inst_cetes_182,2026-08-17,108463,0.001917
inst_cetes_182,2026-08-24,108793,0.003039
inst_cetes_182,2026-08-31,109221,0.003938
inst_cetes_182,2026-09-07,109274,0.000489
inst_cetes_182,2026-09-14,109417,0.001309
inst_bondia,2025-09-15,245800,0
inst_bondia,2025-09-22,246123,0.001313
inst_bondia,2025-09-29,246648,0.002132
inst_bondia,2025-10-06,246988,0.001379
inst_bondia,2025-10-13,247530,0.002193
inst_bondia,2025-10-20,247976,0.001802
inst_bondia,2025-10-27,248310,0.001346
inst_bondia,2025-11-03,248773,0.001865
inst_bondia,2025-11-10,249128,0.001428
inst_bondia,2025-11-17,249700,0.002296
inst_bondia,2025-11-24,250214,0.00206
inst_bondia,2025-12-01,250492,0.001112
inst_bondia,2025-12-08,251017,0.002095
inst_bondia,2025-12-15,251599,0.00232
inst_bondia,2025-12-22,252015,0.001652
inst_bondia,2025-12-29,252535,0.002062
inst_bondia,2026-01-05,253034,0.001978
inst_bondia,2026-01-12,253412,0.001495
inst_bondia,2026-01-19,253991,0.002287
inst_bondia,2026-01-26,254553,0.002214
inst_bondia,2026-02-02,255019,0.001831
inst_bondia,2026-02-09,255395,0.001475
inst_bondia,2026-02-16,255831,0.001707
inst_bondia,2026-02-23,256250,0.001639
inst_bondia,2026-03-02,256746,0.001935
inst_bondia,2026-03-09,257172,0.001659
inst_bondia,2026-03-16,257635,0.001802
inst_bondia,2026-03-23,258202,0.0022
inst_bondia,2026-03-30,258557,0.001373
inst_bondia,2026-04-06,258966,0.00158
inst_bondia,2026-04-13,259506,0.002087
inst_bondia,2026-04-20,259943,0.001685
inst_bondia,2026-04-27,260407,0.001785
inst_bondia,2026-05-04,260801,0.001512
inst_bondia,2026-05-11,261180,0.001455
inst_bondia,2026-05-18,261583,0.001544
inst_bondia,2026-05-25,261934,0.001344
inst_bondia,2026-06-01,262393,0.001751
inst_bondia,2026-06-08,262776,0.001461
inst_bondia,2026-06-15,263303,0.002007
inst_bondia,2026-06-22,263734,0.001637
inst_bondia,2026-06-29,264344,0.002313
inst_bondia,2026-07-06,265026,0.002581
inst_bondia,2026-07-13,265412,0.001458
inst_bondia,2026-07-20,265766,0.001335
inst_bondia,2026-07-27,266267,0.001887
inst_bondia,2026-08-03,266774,0.001903
inst_bondia,2026-08-10,266975,0.000753
inst_bondia,2026-08-17,267693,0.002689
inst_bondia,2026-08-24,268129,0.001628
inst_bondia,2026-08-31,268504,0.001398
inst_bondia,2026-09-07,269074,0.002123
inst_bondia,2026-09-14,269553,0.00178
inst_pagare_28,2025-09-15,100000,0
inst_pagare_28,2025-09-22,100136,0.001362
inst_pagare_28,2025-09-29,100289,0.001524
inst_pagare_28,2025-10-06,100456,0.001664
inst_pagare_28,2025-10-13,100593,0.001362
inst_pagare_28,2025-10-20,100746,0.001518
inst_pagare_28,2025-10-27,100887,0.001398
inst_pagare_28,2025-11-03,101039,0.001507
inst_pagare_28,2025-11-10,101194,0.001531
inst_pagare_28,2025-11-17,101333,0.001378
inst_pagare_28,2025-11-24,101479,0.001444
inst_pagare_28,2025-12-01,101634,0.001529
inst_pagare_28,2025-12-08,101811,0.00174
inst_pagare_28,2025-12-15,101922,0.001091
inst_pagare_28,2025-12-22,102074,0.001495
inst_pagare_28,2025-12-29,102226,0.001493
inst_pagare_28,2026-01-05,102380,0.001505
inst_pagare_28,2026-01-12,102527,0.001439
inst_pagare_28,2026-01-19,102686,0.001548
inst_pagare_28,2026-01-26,102844,0.00154
inst_pagare_28,2026-02-02,102987,0.001392
inst_pagare_28,2026-02-09,103125,0.001343
inst_pagare_28,2026-02-16,103263,0.001342
inst_pagare_28,2026-02-23,103418,0.001506
inst_pagare_28,2026-03-02,103576,0.001532
inst_pagare_28,2026-03-09,103723,0.00142
inst_pagare_28,2026-03-16,103857,0.001288
inst_pagare_28,2026-03-23,104007,0.00144
inst_pagare_28,2026-03-30,104137,0.001254
inst_pagare_28,2026-04-06,104305,0.001609
inst_pagare_28,2026-04-13,104452,0.001408
inst_pagare_28,2026-04-20,104599,0.001408
inst_pagare_28,2026-04-27,104777,0.001703
inst_pagare_28,2026-05-04,104920,0.001361
inst_pagare_28,2026-05-11,105054,0.001275
inst_pagare_28,2026-05-18,105222,0.001601
inst_pagare_28,2026-05-25,105360,0.001311
inst_pagare_28,2026-06-01,105507,0.001399
inst_pagare_28,2026-06-08,105652,0.00137
inst_pagare_28,2026-06-15,105800,0.001405
inst_pagare_28,2026-06-22,105961,0.00152
inst_pagare_28,2026-06-29,106110,0.001403
inst_pagare_28,2026-07-06,106256,0.001375
inst_pagare_28,2026-07-13,106400,0.001357
inst_pagare_28,2026-07-20,106551,0.001416
inst_pagare_28,2026-07-27,106702,0.001417
inst_pagare_28,2026-08-03,106878,0.001646
inst_pagare_28,2026-08-10,107035,0.001466
inst_pagare_28,2026-08-17,107181,0.001366
inst_pagare_28,2026-08-24,107326,0.001354
inst_pagare_28,2026-08-31,107485,0.001483
inst_pagare_28,2026-09-07,107633,0.001373
inst_pagare_28,2026-09-14,107763,0.001207
inst_pagare_180,2025-09-15,100000,0
inst_pagare_180,2025-09-22,100174,0.001741
inst_pagare_180,2025-09-29,100353,0.001783
inst_pagare_180,2025-10-06,100533,0.001792
inst_pagare_180,2025-10-13,100712,0.001784
inst_pagare_180,2025-10-20,100875,0.001621
inst_pagare_180,2025-10-27,101041,0.001644
inst_pagare_180,2025-11-03,101260,0.002163
inst_pagare_180,2025-11-10,101438,0.001759
inst_pagare_180,2025-11-17,101612,0.001718
inst_pagare_180,2025-11-24,101793,0.001783
inst_pagare_180,2025-12-01,101957,0.001615
inst_pagare_180,2025-12-08,102114,0.001544
inst_pagare_180,2025-12-15,102298,0.001799
inst_pagare_180,2025-12-22,102429,0.001277
inst_pagare_180,2025-12-29,102626,0.00192
inst_pagare_180,2026-01-05,102769,0.001396
inst_pagare_180,2026-01-12,102931,0.001573
inst_pagare_180,2026-01-19,103119,0.00183
inst_pagare_180,2026-01-26,103282,0.001585
inst_pagare_180,2026-02-02,103444,0.001571
inst_pagare_180,2026-02-09,103644,0.001934
inst_pagare_180,2026-02-16,103805,0.001552
inst_pagare_180,2026-02-23,104003,0.001908
inst_pagare_180,2026-03-02,104198,0.001877
inst_pagare_180,2026-03-09,104405,0.001983
inst_pagare_180,2026-03-16,104551,0.001403
inst_pagare_180,2026-03-23,104694,0.001366
inst_pagare_180,2026-03-30,104867,0.001652
inst_pagare_180,2026-04-06,105026,0.001518
inst_pagare_180,2026-04-13,105146,0.001145
inst_pagare_180,2026-04-20,105306,0.001526
inst_pagare_180,2026-04-27,105469,0.001551
inst_pagare_180,2026-05-04,105669,0.001892
inst_pagare_180,2026-05-11,105875,0.001948
inst_pagare_180,2026-05-18,106038,0.001543
inst_pagare_180,2026-05-25,106242,0.001922
inst_pagare_180,2026-06-01,106407,0.001557
inst_pagare_180,2026-06-08,106555,0.001388
inst_pagare_180,2026-06-15,106752,0.001845
inst_pagare_180,2026-06-22,106943,0.001791
inst_pagare_180,2026-06-29,107144,0.001879
inst_pagare_180,2026-07-06,107321,0.001654
inst_pagare_180,2026-07-13,107512,0.001782
inst_pagare_180,2026-07-20,107640,0.001189
inst_pagare_180,2026-07-27,107806,0.001542
inst_pagare_180,2026-08-03,107998,0.001778
inst_pagare_180,2026-08-10,108166,0.001553
inst_pagare_180,2026-08-17,108332,0.001533
inst_pagare_180,2026-08-24,108540,0.001924
inst_pagare_180,2026-08-31,108743,0.001868
inst_pagare_180,2026-09-07,108887,0.001328
inst_pagare_180,2026-09-14,109078,0.001755
inst_fondo_corto,2025-09-15,187400,0
inst_fondo_corto,2025-09-22,187862,0.002464
inst_fondo_corto,2025-09-29,188273,0.002188
inst_fondo_corto,2025-10-06,188438,0.000877
inst_fondo_corto,2025-10-13,188696,0.001372
inst_fondo_corto,2025-10-20,189189,0.002612
inst_fondo_corto,2025-10-27,189872,0.003612
inst_fondo_corto,2025-11-03,189954,0.000434
inst_fondo_corto,2025-11-10,190354,0.002108
inst_fondo_corto,2025-11-17,190660,0.001609
inst_fondo_corto,2025-11-24,190889,0.001203
inst_fondo_corto,2025-12-01,191232,0.001798
inst_fondo_corto,2025-12-08,191574,0.001787
inst_fondo_corto,2025-12-15,192027,0.002365
inst_fondo_corto,2025-12-22,192340,0.001631
inst_fondo_corto,2025-12-29,192998,0.00342
inst_fondo_corto,2026-01-05,192867,-0.000679
inst_fondo_corto,2026-01-12,193174,0.00159
inst_fondo_corto,2026-01-19,193460,0.001482
inst_fondo_corto,2026-01-26,193416,-0.000229
inst_fondo_corto,2026-02-02,193826,0.002118
inst_fondo_corto,2026-02-09,194177,0.00181
inst_fondo_corto,2026-02-16,194591,0.002133
inst_fondo_corto,2026-02-23,194703,0.000578
inst_fondo_corto,2026-03-02,195011,0.001584
inst_fondo_corto,2026-03-09,195382,0.001903
inst_fondo_corto,2026-03-16,195660,0.001422
inst_fondo_corto,2026-03-23,196077,0.002132
inst_fondo_corto,2026-03-30,196397,0.001634
inst_fondo_corto,2026-04-06,196918,0.002654
inst_fondo_corto,2026-04-13,197096,0.000905
inst_fondo_corto,2026-04-20,197444,0.001764
inst_fondo_corto,2026-04-27,197902,0.002322
inst_fondo_corto,2026-05-04,198579,0.003421
inst_fondo_corto,2026-05-11,198761,0.000915
inst_fondo_corto,2026-05-18,199045,0.00143
inst_fondo_corto,2026-05-25,199615,0.002863
inst_fondo_corto,2026-06-01,200043,0.002142
inst_fondo_corto,2026-06-08,200262,0.001093
inst_fondo_corto,2026-06-15,200551,0.001441
inst_fondo_corto,2026-06-22,201106,0.002766
inst_fondo_corto,2026-06-29,201425,0.001588
inst_fondo_corto,2026-07-06,201828,0.002
inst_fondo_corto,2026-07-13,202205,0.001868
inst_fondo_corto,2026-07-20,202336,0.00065
inst_fondo_corto,2026-07-27,202681,0.001705
inst_fondo_corto,2026-08-03,202871,0.000939
inst_fondo_corto,2026-08-10,203018,0.000725
inst_fondo_corto,2026-08-17,203352,0.001644
inst_fondo_corto,2026-08-24,203488,0.000668
inst_fondo_corto,2026-08-31,204086,0.002936
inst_fondo_corto,2026-09-07,204651,0.00277
inst_fondo_corto,2026-09-14,205029,0.001846
inst_fondo_medio,2025-09-15,312900,0
inst_fondo_medio,2025-09-22,313522,0.001988
inst_fondo_medio,2025-09-29,315450,0.00615
inst_fondo_medio,2025-10-06,314018,-0.004538
inst_fondo_medio,2025-10-13,313879,-0.000442
inst_fondo_medio,2025-10-20,315211,0.004242
inst_fondo_medio,2025-10-27,315827,0.001953
inst_fondo_medio,2025-11-03,317320,0.004727
inst_fondo_medio,2025-11-10,315192,-0.006708
inst_fondo_medio,2025-11-17,316310,0.003546
inst_fondo_medio,2025-11-24,315912,-0.001257
inst_fondo_medio,2025-12-01,314720,-0.003774
inst_fondo_medio,2025-12-08,314432,-0.000915
inst_fondo_medio,2025-12-15,315580,0.003652
inst_fondo_medio,2025-12-22,316730,0.003644
inst_fondo_medio,2025-12-29,315429,-0.004108
inst_fondo_medio,2026-01-05,313620,-0.005735
inst_fondo_medio,2026-01-12,313968,0.001111
inst_fondo_medio,2026-01-19,314492,0.001668
inst_fondo_medio,2026-01-26,316580,0.006639
inst_fondo_medio,2026-02-02,318186,0.005075
inst_fondo_medio,2026-02-09,319172,0.0031
inst_fondo_medio,2026-02-16,319670,0.00156
inst_fondo_medio,2026-02-23,319403,-0.000836
inst_fondo_medio,2026-03-02,321579,0.006812
inst_fondo_medio,2026-03-09,320659,-0.002861
inst_fondo_medio,2026-03-16,320854,0.000609
inst_fondo_medio,2026-03-23,320866,0.000036
inst_fondo_medio,2026-03-30,322240,0.004283
inst_fondo_medio,2026-04-06,326619,0.01359
inst_fondo_medio,2026-04-13,327723,0.00338
inst_fondo_medio,2026-04-20,329261,0.004693
inst_fondo_medio,2026-04-27,330306,0.003174
inst_fondo_medio,2026-05-04,330601,0.000892
inst_fondo_medio,2026-05-11,331032,0.001303
inst_fondo_medio,2026-05-18,334050,0.009117
inst_fondo_medio,2026-05-25,336136,0.006243
inst_fondo_medio,2026-06-01,336459,0.000962
inst_fondo_medio,2026-06-08,337667,0.003592
inst_fondo_medio,2026-06-15,337498,-0.0005
inst_fondo_medio,2026-06-22,335325,-0.006437
inst_fondo_medio,2026-06-29,333771,-0.004636
inst_fondo_medio,2026-07-06,335430,0.004969
inst_fondo_medio,2026-07-13,335919,0.001458
inst_fondo_medio,2026-07-20,335364,-0.001653
inst_fondo_medio,2026-07-27,334425,-0.002801
inst_fondo_medio,2026-08-03,335569,0.00342
inst_fondo_medio,2026-08-10,338095,0.007527
inst_fondo_medio,2026-08-17,338253,0.000468
inst_fondo_medio,2026-08-24,339501,0.00369
inst_fondo_medio,2026-08-31,338515,-0.002903
inst_fondo_medio,2026-09-07,339358,0.00249
inst_fondo_medio,2026-09-14,339499,0.000416
inst_deuda_corp,2025-09-15,100000,0
inst_deuda_corp,2025-09-22,100703,0.007035
inst_deuda_corp,2025-09-29,100868,0.001634
inst_deuda_corp,2025-10-06,100827,-0.000404
inst_deuda_corp,2025-10-13,101014,0.001857
inst_deuda_corp,2025-10-20,100727,-0.002839
inst_deuda_corp,2025-10-27,100546,-0.001796
inst_deuda_corp,2025-11-03,100442,-0.001038
inst_deuda_corp,2025-11-10,100976,0.005313
inst_deuda_corp,2025-11-17,101552,0.005704
inst_deuda_corp,2025-11-24,101747,0.001921
inst_deuda_corp,2025-12-01,102319,0.005618
inst_deuda_corp,2025-12-08,102686,0.00359
inst_deuda_corp,2025-12-15,102748,0.000608
inst_deuda_corp,2025-12-22,103380,0.006155
inst_deuda_corp,2025-12-29,103172,-0.002007
inst_deuda_corp,2026-01-05,102346,-0.00801
inst_deuda_corp,2026-01-12,102413,0.000651
inst_deuda_corp,2026-01-19,102940,0.005145
inst_deuda_corp,2026-01-26,102927,-0.000127
inst_deuda_corp,2026-02-02,102961,0.000328
inst_deuda_corp,2026-02-09,103653,0.006724
inst_deuda_corp,2026-02-16,103890,0.002288
inst_deuda_corp,2026-02-23,103916,0.000254
inst_deuda_corp,2026-03-02,104390,0.004559
inst_deuda_corp,2026-03-09,105470,0.010344
inst_deuda_corp,2026-03-16,106106,0.00603
inst_deuda_corp,2026-03-23,105516,-0.005557
inst_deuda_corp,2026-03-30,104860,-0.006218
inst_deuda_corp,2026-04-06,104838,-0.000213
inst_deuda_corp,2026-04-13,105292,0.004333
inst_deuda_corp,2026-04-20,105198,-0.000896
inst_deuda_corp,2026-04-27,105817,0.005888
inst_deuda_corp,2026-05-04,105808,-0.000082
inst_deuda_corp,2026-05-11,106365,0.005263
inst_deuda_corp,2026-05-18,105551,-0.00765
inst_deuda_corp,2026-05-25,105961,0.003882
inst_deuda_corp,2026-06-01,105891,-0.000664
inst_deuda_corp,2026-06-08,106511,0.005857
inst_deuda_corp,2026-06-15,106191,-0.003001
inst_deuda_corp,2026-06-22,106297,0.000997
inst_deuda_corp,2026-06-29,107226,0.008744
inst_deuda_corp,2026-07-06,107440,0.001993
inst_deuda_corp,2026-07-13,107677,0.002203
inst_deuda_corp,2026-07-20,108936,0.01169
inst_deuda_corp,2026-07-27,109315,0.003478
inst_deuda_corp,2026-08-03,109109,-0.001883
inst_deuda_corp,2026-08-10,109054,-0.000503
inst_deuda_corp,2026-08-17,109900,0.007759
inst_deuda_corp,2026-08-24,110384,0.004407
inst_deuda_corp,2026-08-31,110972,0.005331
inst_deuda_corp,2026-09-07,111074,0.000923
inst_deuda_corp,2026-09-14,111584,0.004594
inst_fondo_rv_nal,2025-09-15,428600,0
inst_fondo_rv_nal,2025-09-22,416547,-0.028121
inst_fondo_rv_nal,2025-09-29,430302,0.033022
inst_fondo_rv_nal,2025-10-06,433483,0.007391
inst_fondo_rv_nal,2025-10-13,438469,0.011502
inst_fondo_rv_nal,2025-10-20,437071,-0.003189
inst_fondo_rv_nal,2025-10-27,437138,0.000153
inst_fondo_rv_nal,2025-11-03,430624,-0.014903
inst_fondo_rv_nal,2025-11-10,443956,0.03096
inst_fondo_rv_nal,2025-11-17,438475,-0.012346
inst_fondo_rv_nal,2025-11-24,429542,-0.020373
inst_fondo_rv_nal,2025-12-01,411709,-0.041516
inst_fondo_rv_nal,2025-12-08,416171,0.010837
inst_fondo_rv_nal,2025-12-15,421352,0.01245
inst_fondo_rv_nal,2025-12-22,406403,-0.035479
inst_fondo_rv_nal,2025-12-29,394528,-0.029219
inst_fondo_rv_nal,2026-01-05,395662,0.002875
inst_fondo_rv_nal,2026-01-12,395203,-0.00116
inst_fondo_rv_nal,2026-01-19,394514,-0.001742
inst_fondo_rv_nal,2026-01-26,392715,-0.004561
inst_fondo_rv_nal,2026-02-02,400077,0.018746
inst_fondo_rv_nal,2026-02-09,400613,0.001341
inst_fondo_rv_nal,2026-02-16,405915,0.013236
inst_fondo_rv_nal,2026-02-23,401576,-0.010688
inst_fondo_rv_nal,2026-03-02,407652,0.01513
inst_fondo_rv_nal,2026-03-09,418061,0.025534
inst_fondo_rv_nal,2026-03-16,434104,0.038374
inst_fondo_rv_nal,2026-03-23,429606,-0.010362
inst_fondo_rv_nal,2026-03-30,450224,0.047994
inst_fondo_rv_nal,2026-04-06,453213,0.006638
inst_fondo_rv_nal,2026-04-13,470263,0.037621
inst_fondo_rv_nal,2026-04-20,457193,-0.027792
inst_fondo_rv_nal,2026-04-27,459246,0.004491
inst_fondo_rv_nal,2026-05-04,461116,0.004073
inst_fondo_rv_nal,2026-05-11,461407,0.000632
inst_fondo_rv_nal,2026-05-18,451849,-0.020715
inst_fondo_rv_nal,2026-05-25,468990,0.037934
inst_fondo_rv_nal,2026-06-01,487432,0.039324
inst_fondo_rv_nal,2026-06-08,480624,-0.013967
inst_fondo_rv_nal,2026-06-15,489444,0.01835
inst_fondo_rv_nal,2026-06-22,495598,0.012573
inst_fondo_rv_nal,2026-06-29,511950,0.032994
inst_fondo_rv_nal,2026-07-06,505816,-0.011982
inst_fondo_rv_nal,2026-07-13,506069,0.0005
inst_fondo_rv_nal,2026-07-20,485089,-0.041457
inst_fondo_rv_nal,2026-07-27,471068,-0.028904
inst_fondo_rv_nal,2026-08-03,465166,-0.012529
inst_fondo_rv_nal,2026-08-10,478886,0.029494
inst_fondo_rv_nal,2026-08-17,482163,0.006843
inst_fondo_rv_nal,2026-08-24,471495,-0.022124
inst_fondo_rv_nal,2026-08-31,491699,0.04285
inst_fondo_rv_nal,2026-09-07,511424,0.040116
inst_fondo_rv_nal,2026-09-14,523263,0.02315
inst_fondo_rv_glo,2025-09-15,519300,0
inst_fondo_rv_glo,2025-09-22,508752,-0.020312
inst_fondo_rv_glo,2025-09-29,500922,-0.015392
inst_fondo_rv_glo,2025-10-06,478753,-0.044256
inst_fondo_rv_glo,2025-10-13,477422,-0.002781
inst_fondo_rv_glo,2025-10-20,471851,-0.011669
inst_fondo_rv_glo,2025-10-27,476463,0.009775
inst_fondo_rv_glo,2025-11-03,474805,-0.003479
inst_fondo_rv_glo,2025-11-10,484570,0.020566
inst_fondo_rv_glo,2025-11-17,493534,0.0185
inst_fondo_rv_glo,2025-11-24,473162,-0.041278
inst_fondo_rv_glo,2025-12-01,487398,0.030087
inst_fondo_rv_glo,2025-12-08,474996,-0.025444
inst_fondo_rv_glo,2025-12-15,474484,-0.001077
inst_fondo_rv_glo,2025-12-22,476433,0.004108
inst_fondo_rv_glo,2025-12-29,495924,0.040909
inst_fondo_rv_glo,2026-01-05,494755,-0.002358
inst_fondo_rv_glo,2026-01-12,488563,-0.012515
inst_fondo_rv_glo,2026-01-19,477917,-0.02179
inst_fondo_rv_glo,2026-01-26,477897,-0.000042
inst_fondo_rv_glo,2026-02-02,474172,-0.007795
inst_fondo_rv_glo,2026-02-09,484923,0.022673
inst_fondo_rv_glo,2026-02-16,492829,0.016303
inst_fondo_rv_glo,2026-02-23,490771,-0.004176
inst_fondo_rv_glo,2026-03-02,490028,-0.001513
inst_fondo_rv_glo,2026-03-09,493514,0.007113
inst_fondo_rv_glo,2026-03-16,490096,-0.006926
inst_fondo_rv_glo,2026-03-23,504077,0.028528
inst_fondo_rv_glo,2026-03-30,489160,-0.029593
inst_fondo_rv_glo,2026-04-06,486228,-0.005994
inst_fondo_rv_glo,2026-04-13,478002,-0.016917
inst_fondo_rv_glo,2026-04-20,485353,0.015378
inst_fondo_rv_glo,2026-04-27,489970,0.009513
inst_fondo_rv_glo,2026-05-04,496137,0.012586
inst_fondo_rv_glo,2026-05-11,487794,-0.016816
inst_fondo_rv_glo,2026-05-18,485722,-0.004248
inst_fondo_rv_glo,2026-05-25,498819,0.026964
inst_fondo_rv_glo,2026-06-01,513328,0.029086
inst_fondo_rv_glo,2026-06-08,527798,0.028188
inst_fondo_rv_glo,2026-06-15,541864,0.026651
inst_fondo_rv_glo,2026-06-22,524076,-0.032828
inst_fondo_rv_glo,2026-06-29,521525,-0.004868
inst_fondo_rv_glo,2026-07-06,538490,0.03253
inst_fondo_rv_glo,2026-07-13,532054,-0.011953
inst_fondo_rv_glo,2026-07-20,520468,-0.021777
inst_fondo_rv_glo,2026-07-27,525144,0.008984
inst_fondo_rv_glo,2026-08-03,536688,0.021983
inst_fondo_rv_glo,2026-08-10,535597,-0.002032
inst_fondo_rv_glo,2026-08-17,546428,0.020223
inst_fondo_rv_glo,2026-08-24,552616,0.011325
inst_fondo_rv_glo,2026-08-31,541230,-0.020604
inst_fondo_rv_glo,2026-09-07,540138,-0.002017
inst_fondo_rv_glo,2026-09-14,533359,-0.01255
inst_naftrac,2025-09-15,5940,0
inst_naftrac,2025-09-22,5828,-0.01879
inst_naftrac,2025-09-29,5922,0.016138
inst_naftrac,2025-10-06,6066,0.02433
inst_naftrac,2025-10-13,5945,-0.019924
inst_naftrac,2025-10-20,5969,0.003973
inst_naftrac,2025-10-27,6090,0.020332
inst_naftrac,2025-11-03,6022,-0.011096
inst_naftrac,2025-11-10,6092,0.011673
inst_naftrac,2025-11-17,5836,-0.042082
inst_naftrac,2025-11-24,6154,0.05453
inst_naftrac,2025-12-01,6278,0.020213
inst_naftrac,2025-12-08,6357,0.012617
inst_naftrac,2025-12-15,6284,-0.011429
inst_naftrac,2025-12-22,6155,-0.020603
inst_naftrac,2025-12-29,5958,-0.031951
inst_naftrac,2026-01-05,6081,0.020663
inst_naftrac,2026-01-12,6305,0.036754
inst_naftrac,2026-01-19,6384,0.01248
inst_naftrac,2026-01-26,6198,-0.029142
inst_naftrac,2026-02-02,6244,0.007353
inst_naftrac,2026-02-09,6391,0.023482
inst_naftrac,2026-02-16,6219,-0.026866
inst_naftrac,2026-02-23,6030,-0.030367
inst_naftrac,2026-03-02,6116,0.014322
inst_naftrac,2026-03-09,5982,-0.021927
inst_naftrac,2026-03-16,5973,-0.001579
inst_naftrac,2026-03-23,6054,0.013609
inst_naftrac,2026-03-30,5821,-0.038541
inst_naftrac,2026-04-06,5784,-0.006401
inst_naftrac,2026-04-13,5794,0.001673
inst_naftrac,2026-04-20,5785,-0.001515
inst_naftrac,2026-04-27,5911,0.021837
inst_naftrac,2026-05-04,6016,0.017844
inst_naftrac,2026-05-11,5765,-0.041737
inst_naftrac,2026-05-18,5593,-0.029913
inst_naftrac,2026-05-25,5616,0.004136
inst_naftrac,2026-06-01,5674,0.010351
inst_naftrac,2026-06-08,5844,0.030006
inst_naftrac,2026-06-15,5895,0.008766
inst_naftrac,2026-06-22,5924,0.00485
inst_naftrac,2026-06-29,5845,-0.013385
inst_naftrac,2026-07-06,6061,0.037021
inst_naftrac,2026-07-13,6065,0.000706
inst_naftrac,2026-07-20,6191,0.020702
inst_naftrac,2026-07-27,6260,0.011129
inst_naftrac,2026-08-03,6338,0.012392
inst_naftrac,2026-08-10,6580,0.038246
inst_naftrac,2026-08-17,6515,-0.009849
inst_naftrac,2026-08-24,6612,0.014852
inst_naftrac,2026-08-31,6645,0.004917
inst_naftrac,2026-09-07,6510,-0.020334
inst_naftrac,2026-09-14,6663,0.023513
inst_etf_global,2025-09-15,128450,0
inst_etf_global,2025-09-22,130158,0.013295
inst_etf_global,2025-09-29,127677,-0.019063
inst_etf_global,2025-10-06,127373,-0.002377
inst_etf_global,2025-10-13,126527,-0.006643
inst_etf_global,2025-10-20,124398,-0.016827
inst_etf_global,2025-10-27,123726,-0.005401
inst_etf_global,2025-11-03,124058,0.002682
inst_etf_global,2025-11-10,128485,0.035684
inst_etf_global,2025-11-17,133772,0.041151
inst_etf_global,2025-11-24,131383,-0.017857
inst_etf_global,2025-12-01,130057,-0.010095
inst_etf_global,2025-12-08,132511,0.01887
inst_etf_global,2025-12-15,134569,0.015532
inst_etf_global,2025-12-22,134649,0.000591
inst_etf_global,2025-12-29,131801,-0.021153
inst_etf_global,2026-01-05,129444,-0.017881
inst_etf_global,2026-01-12,131631,0.016894
inst_etf_global,2026-01-19,132176,0.004139
inst_etf_global,2026-01-26,137611,0.041119
inst_etf_global,2026-02-02,133659,-0.028717
inst_etf_global,2026-02-09,135661,0.014977
inst_etf_global,2026-02-16,138893,0.023827
inst_etf_global,2026-02-23,138164,-0.005248
inst_etf_global,2026-03-02,139235,0.007754
inst_etf_global,2026-03-09,142152,0.020951
inst_etf_global,2026-03-16,147124,0.03498
inst_etf_global,2026-03-23,146109,-0.006896
inst_etf_global,2026-03-30,146738,0.004306
inst_etf_global,2026-04-06,145422,-0.008966
inst_etf_global,2026-04-13,147141,0.011821
inst_etf_global,2026-04-20,148974,0.012455
inst_etf_global,2026-04-27,153365,0.029476
inst_etf_global,2026-05-04,151837,-0.009965
inst_etf_global,2026-05-11,150244,-0.010493
inst_etf_global,2026-05-18,153879,0.024194
inst_etf_global,2026-05-25,156894,0.019591
inst_etf_global,2026-06-01,158432,0.009805
inst_etf_global,2026-06-08,161198,0.017456
inst_etf_global,2026-06-15,168593,0.045876
inst_etf_global,2026-06-22,173738,0.030516
inst_etf_global,2026-06-29,167629,-0.035163
inst_etf_global,2026-07-06,167477,-0.000905
inst_etf_global,2026-07-13,163839,-0.021725
inst_etf_global,2026-07-20,163736,-0.000627
inst_etf_global,2026-07-27,159659,-0.024898
inst_etf_global,2026-08-03,163467,0.023849
inst_etf_global,2026-08-10,156137,-0.044842
inst_etf_global,2026-08-17,157805,0.010681
inst_etf_global,2026-08-24,155471,-0.014787
inst_etf_global,2026-08-31,156457,0.006339
inst_etf_global,2026-09-07,159392,0.018757
inst_etf_global,2026-09-14,155679,-0.023292
inst_acc_gfnorte,2025-09-15,14980,0
inst_acc_gfnorte,2025-09-22,15146,0.011084
inst_acc_gfnorte,2025-09-29,14820,-0.021523
inst_acc_gfnorte,2025-10-06,15160,0.022974
inst_acc_gfnorte,2025-10-13,16263,0.07274
inst_acc_gfnorte,2025-10-20,16579,0.019461
inst_acc_gfnorte,2025-10-27,16785,0.012451
inst_acc_gfnorte,2025-11-03,16253,-0.031704
inst_acc_gfnorte,2025-11-10,16094,-0.009776
inst_acc_gfnorte,2025-11-17,16799,0.043797
inst_acc_gfnorte,2025-11-24,15975,-0.049055
inst_acc_gfnorte,2025-12-01,15608,-0.022985
inst_acc_gfnorte,2025-12-08,15855,0.015833
inst_acc_gfnorte,2025-12-15,15636,-0.01382
inst_acc_gfnorte,2025-12-22,16041,0.0259
inst_acc_gfnorte,2025-12-29,16072,0.001921
inst_acc_gfnorte,2026-01-05,15865,-0.012905
inst_acc_gfnorte,2026-01-12,15447,-0.026369
inst_acc_gfnorte,2026-01-19,15303,-0.009317
inst_acc_gfnorte,2026-01-26,15266,-0.002416
inst_acc_gfnorte,2026-02-02,14745,-0.034111
inst_acc_gfnorte,2026-02-09,15325,0.039303
inst_acc_gfnorte,2026-02-16,15510,0.012061
inst_acc_gfnorte,2026-02-23,15149,-0.023288
inst_acc_gfnorte,2026-03-02,14656,-0.03257
inst_acc_gfnorte,2026-03-09,15390,0.050068
inst_acc_gfnorte,2026-03-16,16181,0.051402
inst_acc_gfnorte,2026-03-23,16670,0.030226
inst_acc_gfnorte,2026-03-30,17231,0.033642
inst_acc_gfnorte,2026-04-06,16539,-0.04017
inst_acc_gfnorte,2026-04-13,16487,-0.003164
inst_acc_gfnorte,2026-04-20,17675,0.07207
inst_acc_gfnorte,2026-04-27,17833,0.008949
inst_acc_gfnorte,2026-05-04,17813,-0.00112
inst_acc_gfnorte,2026-05-11,17841,0.001567
inst_acc_gfnorte,2026-05-18,18484,0.036047
inst_acc_gfnorte,2026-05-25,17295,-0.064337
inst_acc_gfnorte,2026-06-01,17160,-0.007831
inst_acc_gfnorte,2026-06-08,17052,-0.006311
inst_acc_gfnorte,2026-06-15,16712,-0.019944
inst_acc_gfnorte,2026-06-22,17417,0.042192
inst_acc_gfnorte,2026-06-29,16179,-0.071054
inst_acc_gfnorte,2026-07-06,16807,0.038786
inst_acc_gfnorte,2026-07-13,15541,-0.075303
inst_acc_gfnorte,2026-07-20,16840,0.08361
inst_acc_gfnorte,2026-07-27,17126,0.016956
inst_acc_gfnorte,2026-08-03,18590,0.085484
inst_acc_gfnorte,2026-08-10,18743,0.008242
inst_acc_gfnorte,2026-08-17,19155,0.021983
inst_acc_gfnorte,2026-08-24,18658,-0.025946
inst_acc_gfnorte,2026-08-31,18284,-0.02002
inst_acc_gfnorte,2026-09-07,17660,-0.034121
inst_acc_gfnorte,2026-09-14,17523,-0.007758
inst_acc_walmex,2025-09-15,5820,0
inst_acc_walmex,2025-09-22,6046,0.038864
inst_acc_walmex,2025-09-29,6090,0.007351
inst_acc_walmex,2025-10-06,6109,0.003164
inst_acc_walmex,2025-10-13,5963,-0.02385
inst_acc_walmex,2025-10-20,6286,0.054199
inst_acc_walmex,2025-10-27,6298,0.001846
inst_acc_walmex,2025-11-03,6499,0.031859
inst_acc_walmex,2025-11-10,6601,0.015663
inst_acc_walmex,2025-11-17,6537,-0.009658
inst_acc_walmex,2025-11-24,6509,-0.004248
inst_acc_walmex,2025-12-01,6646,0.021107
inst_acc_walmex,2025-12-08,6698,0.007785
inst_acc_walmex,2025-12-15,6967,0.040126
inst_acc_walmex,2025-12-22,7755,0.113061
inst_acc_walmex,2025-12-29,7942,0.02414
inst_acc_walmex,2026-01-05,7725,-0.027267
inst_acc_walmex,2026-01-12,7648,-0.009998
inst_acc_walmex,2026-01-19,7629,-0.002442
inst_acc_walmex,2026-01-26,7559,-0.009184
inst_acc_walmex,2026-02-02,7499,-0.007922
inst_acc_walmex,2026-02-09,7448,-0.006761
inst_acc_walmex,2026-02-16,7806,0.048032
inst_acc_walmex,2026-02-23,7325,-0.061639
inst_acc_walmex,2026-03-02,7592,0.036462
inst_acc_walmex,2026-03-09,7527,-0.008585
inst_acc_walmex,2026-03-16,7268,-0.034472
inst_acc_walmex,2026-03-23,7237,-0.004266
inst_acc_walmex,2026-03-30,7177,-0.008315
inst_acc_walmex,2026-04-06,7035,-0.019723
inst_acc_walmex,2026-04-13,6937,-0.013893
inst_acc_walmex,2026-04-20,6898,-0.005646
inst_acc_walmex,2026-04-27,6489,-0.059355
inst_acc_walmex,2026-05-04,6728,0.03689
inst_acc_walmex,2026-05-11,6845,0.017387
inst_acc_walmex,2026-05-18,7033,0.027417
inst_acc_walmex,2026-05-25,7049,0.002254
inst_acc_walmex,2026-06-01,7150,0.014274
inst_acc_walmex,2026-06-08,7391,0.033666
inst_acc_walmex,2026-06-15,7479,0.011971
inst_acc_walmex,2026-06-22,7584,0.013993
inst_acc_walmex,2026-06-29,7430,-0.020342
inst_acc_walmex,2026-07-06,7530,0.013398
inst_acc_walmex,2026-07-13,7485,-0.005915
inst_acc_walmex,2026-07-20,7747,0.034993
inst_acc_walmex,2026-07-27,7300,-0.057683
inst_acc_walmex,2026-08-03,7437,0.018784
inst_acc_walmex,2026-08-10,7334,-0.013839
inst_acc_walmex,2026-08-17,7455,0.016554
inst_acc_walmex,2026-08-24,7381,-0.009957
inst_acc_walmex,2026-08-31,7562,0.024538
inst_acc_walmex,2026-09-07,7625,0.008346
inst_acc_walmex,2026-09-14,7460,-0.021692
inst_acc_cemex,2025-09-15,1340,0
inst_acc_cemex,2025-09-22,1345,0.003433
inst_acc_cemex,2025-09-29,1306,-0.028748
inst_acc_cemex,2025-10-06,1438,0.101302
inst_acc_cemex,2025-10-13,1412,-0.017841
inst_acc_cemex,2025-10-20,1413,0.000521
inst_acc_cemex,2025-10-27,1392,-0.014923
inst_acc_cemex,2025-11-03,1368,-0.017115
inst_acc_cemex,2025-11-10,1356,-0.008883
inst_acc_cemex,2025-11-17,1364,0.005593
inst_acc_cemex,2025-11-24,1343,-0.015699
inst_acc_cemex,2025-12-01,1276,-0.049757
inst_acc_cemex,2025-12-08,1288,0.009528
inst_acc_cemex,2025-12-15,1286,-0.001722
inst_acc_cemex,2025-12-22,1319,0.025835
inst_acc_cemex,2025-12-29,1315,-0.003338
inst_acc_cemex,2026-01-05,1334,0.014124
inst_acc_cemex,2026-01-12,1422,0.066302
inst_acc_cemex,2026-01-19,1472,0.035089
inst_acc_cemex,2026-01-26,1383,-0.060345
inst_acc_cemex,2026-02-02,1310,-0.052676
inst_acc_cemex,2026-02-09,1284,-0.019686
inst_acc_cemex,2026-02-16,1343,0.046179
inst_acc_cemex,2026-02-23,1402,0.04369
inst_acc_cemex,2026-03-02,1395,-0.004638
inst_acc_cemex,2026-03-09,1478,0.059669
inst_acc_cemex,2026-03-16,1469,-0.005756
inst_acc_cemex,2026-03-23,1498,0.019421
inst_acc_cemex,2026-03-30,1437,-0.040687
inst_acc_cemex,2026-04-06,1529,0.06434
inst_acc_cemex,2026-04-13,1483,-0.029867
inst_acc_cemex,2026-04-20,1433,-0.033761
inst_acc_cemex,2026-04-27,1325,-0.075697
inst_acc_cemex,2026-05-04,1324,-0.000972
inst_acc_cemex,2026-05-11,1347,0.017135
inst_acc_cemex,2026-05-18,1266,-0.06012
inst_acc_cemex,2026-05-25,1244,-0.017298
inst_acc_cemex,2026-06-01,1251,0.005941
inst_acc_cemex,2026-06-08,1310,0.047559
inst_acc_cemex,2026-06-15,1343,0.025094
inst_acc_cemex,2026-06-22,1380,0.027842
inst_acc_cemex,2026-06-29,1371,-0.006803
inst_acc_cemex,2026-07-06,1457,0.062834
inst_acc_cemex,2026-07-13,1508,0.034957
inst_acc_cemex,2026-07-20,1506,-0.001244
inst_acc_cemex,2026-07-27,1576,0.046163
inst_acc_cemex,2026-08-03,1475,-0.063862
inst_acc_cemex,2026-08-10,1547,0.048528
inst_acc_cemex,2026-08-17,1458,-0.057412
inst_acc_cemex,2026-08-24,1398,-0.041296
inst_acc_cemex,2026-08-31,1475,0.055129
inst_acc_cemex,2026-09-07,1380,-0.064215
inst_acc_cemex,2026-09-14,1377,-0.002396
